tier,task,arm,cost_usd,tokens_input,tokens_output,f1,score,solved
fanin,task-fanin-F,native,0.00875864,10442,13321,0.0,no-anchor,False
fanin,task-fanin-F,mcp,0.008207840000000001,16072,7132,0.031746031746031744,fabricated-anchor,False
fanin,task-fanin-_lazy_re_compile,native,0.00565093,10057,7271,0.1046511627906977,fabricated-anchor,False
fanin,task-fanin-_lazy_re_compile,mcp,0.014186740000000002,31314,15266,0.004914004914004914,partial,False
fanin,task-fanin-dict,native,0.013359049999999997,17893,13555,0.3145038167938931,fabricated-anchor,False
fanin,task-fanin-dict,mcp,0.01248078,18466,11976,0.0,no-anchor,False
fanin,task-fanin-mark_safe,native,0.00816615,14623,9603,0.0,no-anchor,False
fanin,task-fanin-mark_safe,mcp,0.009537799999999999,15952,10738,0.004357298474945534,partial,False
fanin,task-fanin-modify_settings,native,0.01507557,25337,13695,0.0,no-anchor,False
fanin,task-fanin-modify_settings,mcp,0.01381988,22412,12376,0.0,no-anchor,False
fanin,task-fanin-skipUnlessDBFeature,native,0.00861516,11846,12321,0.9760765550239234,fabricated-anchor,False
fanin,task-fanin-skipUnlessDBFeature,mcp,0.0120541,22352,9089,0.9714285714285713,fabricated-anchor,False
fanin,task-fanin-super,native,0.015302159999999999,23972,19062,0.6355645706558486,partial,False
fanin,task-fanin-super,mcp,0.013425799999999998,21044,15220,0.636056718433491,fabricated-anchor,False
fanin,task-fanin-type,native,0.003936299999999999,7100,5397,0.0,no-anchor,False
fanin,task-fanin-type,mcp,0.00987391,20531,11945,0.0,no-anchor,False
fanin,task-fanin-c-lookup-F,native,0.00057006,1954,312,0.0,incorrect,False
fanin,task-fanin-c-lookup-F,mcp,0.00126955,5393,326,0.0,incorrect,False
fanin,task-fanin-c-lookup-F,mcp-gateway,0.00228585,8071,1440,0.4,partial,False
